"Symbol","Name","LastSale","MarketCap","IPOyear","Sector","industry","Summary Quote",
"XXII","22nd Century Group, Inc","2.56","$316.32M","n/a","Consumer Non-Durables","Farming/Seeds/Milling","http://www.nasdaq.com/symbol/xxii",
"FAX","Aberdeen Asia-Pacific Income Fund Inc","4.89","$1.23B","1986","n/a","n/a","http://www.nasdaq.com/symbol/fax",
"IAF","Aberdeen Australia Equity Fund Inc","6.5","$147.83M","n/a","n/a","n/a","http://www.nasdaq.com/symbol/iaf",
"CH","Aberdeen Chile Fund, Inc.","9.04","$84.59M","n/a","n/a","n/a","http://www.nasdaq.com/symbol/ch",
"ABE","Aberdeen Emerging Markets Smaller Company Opportunities Fund I","14.5","$137.53M","n/a","n/a","n/a","http://www.nasdaq.com/symbol/abe",
"FCO","Aberdeen Global Income Fund, Inc.","9.24","$80.62M","1992","n/a","n/a","http://www.nasdaq.com/symbol/fco",
"IF","Aberdeen Indonesia Fund, Inc.","7.62","$70.54M","1990","n/a","n/a","http://www.nasdaq.com/symbol/if",
"ISL","Aberdeen Israel Fund, Inc.","20.42","$80.57M","1992","n/a","n/a","http://www.nasdaq.com/symbol/isl",
"ACU","Acme United Corporation.","23.3","$78.62M","1988","Capital Goods","Industrial Machinery/Components","http://www.nasdaq.com/symbol/acu",
"ATNM","Actinium Pharmaceuticals, Inc.","0.679","$54.34M","n/a","Health Care","Major Pharmaceuticals","http://www.nasdaq.com/symbol/atnm",
"AE","Adams Resources & Energy, Inc.","44.6","$188.1M","n/a","Energy","Oil Refining/Marketing","http://www.nasdaq.com/symbol/ae",
"ACY","AeroCentury Corp.","14.7252","$20.86M","n/a","Technology","Diversified Commercial Services","http://www.nasdaq.com/symbol/acy",
"AIRI","Air Industries Group","1.65","$38.42M","n/a","Capital Goods","Military/Government/Technical","http://www.nasdaq.com/symbol/airi",
"AXU","Alexco Resource Corp","1.58","$159.97M","n/a","Basic Industries","Precious Metals","http://www.nasdaq.com/symbol/axu",
"ALO","Alio Gold Inc.","3.52","$157.27M","2011","Basic Industries","Precious Metals","http://www.nasdaq.com/symbol/alo",
"AAU","Almaden Minerals, Ltd.","1.04","$105.39M","2015","Basic Industries","Precious Metals","http://www.nasdaq.com/symbol/aau",
"APT","Alpha Pro Tech, Ltd.","4.05","$61.38M","n/a","Health Care","Industrial Specialties","http://www.nasdaq.com/symbol/apt",
"AAMC","Altisource Asset Management Corp","77.8","$124.09M","n/a","Finance","Real Estate","http://www.nasdaq.com/symbol/aamc",
"DIT","AMCON Distributing Company","97.85","$67.58M","n/a","Consumer Non-Durables","Food Distributors","http://www.nasdaq.com/symbol/dit",
"ALN","American Lorain Corporation","0.17","$6.51M","n/a","Consumer Non-Durables","Packaged Foods","http://www.nasdaq.com/symbol/aln",
"AMS","American Shared Hospital Services","2.65","$15.13M","n/a","Health Care","Medical Specialities","http://www.nasdaq.com/symbol/ams",
"USAS","Americas Silver Corporation","3.68","$152.71M","2017","Basic Industries","Precious Metals","http://www.nasdaq.com/symbol/usas",
"AMPE","Ampio Pharmaceuticals, Inc.","2.74","$208.08M","n/a","Health Care","Major Pharmaceuticals","http://www.nasdaq.com/symbol/ampe",
"APHB","AmpliPhi Biosciences Corporation","1.01","$9.59M","n/a","Health Care","Biotechnology: Biological Products (No Diagnostic Substances)","http://www.nasdaq.com/symbol/aphb",
"ARNC^","Arconic Inc.","89.4303","n/a","n/a","n/a","n/a","http://www.nasdaq.com/symbol/arnc^",
"AKG","Asanko Gold Inc.","0.643","$130.82M","n/a","Basic Industries","Mining & Quarrying of Nonmetallic Minerals (No Fuels)","http://www.nasdaq.com/symbol/akg",
"AINC","Ashford Inc.","98","$205.09M","2014","Consumer Services","Professional Services","http://www.nasdaq.com/symbol/ainc",
"ASB.WS","Associated Banc-Corp","n/a","n/a","n/a","n/a","n/a","http://www.nasdaq.com/symbol/asb.ws",
"AST","Asterias Biotherapeutics, Inc.","2.15","$116.42M","n/a","Health Care","Biotechnology: Biological Products (No Diagnostic Substances)","http://www.nasdaq.com/symbol/ast",
"AUG","Auryn Resources Inc.","1.65","$129.53M","n/a","Basic Industries","Precious Metals","http://www.nasdaq.com/symbol/aug",
"AWX","Avalon Holdings Corporation","2.06","$7.83M","n/a","Public Utilities","Environmental Services","http://www.nasdaq.com/symbol/awx",
"ASM","Avino Silver","1.46","$76.97M","n/a","Basic Industries","Precious Metals","http://www.nasdaq.com/symbol/asm",
"BTG","B2Gold Corp","2.94","$2.88B","n/a","Basic Industries","Precious Metals","http://www.nasdaq.com/symbol/btg",
"BTN","Ballantyne Strong, Inc","4.75","$68.48M","n/a","Miscellaneous","Industrial Machinery/Components","http://www.nasdaq.com/symbol/btn",
"BKJ","Bancorp of New Jersey, Inc","18.15","$124.78M","n/a","Finance","Major Banks","http://www.nasdaq.com/symbol/bkj",
"BCV","Bancroft Fund Limited","21.8999","$114.97M","n/a","n/a","n/a","http://www.nasdaq.com/symbol/bcv",
"BCV^A","Bancroft Fund Limited","25.3501","n/a","n/a","n/a","n/a","http://www.nasdaq.com/symbol/bcv^a",
"BAA","BANRO CORPORATION","0.1055","$11.58M","n/a","Basic Industries","Precious Metals","http://www.nasdaq.com/symbol/baa",
"BHB","Bar Harbor Bankshares, Inc.","28.92","$446.35M","n/a","Finance","Major Banks","http://www.nasdaq.com/symbol/bhb",
"BRN","Barnwell Industries, Inc.","2.12","$17.55M","n/a","Energy","Oil & Gas Production","http://www.nasdaq.com/symbol/brn",
"BGSF","BG Staffing Inc","15.56","$136.3M","n/a","Technology","Professional Services","http://www.nasdaq.com/symbol/bgsf",
"BPMX","BioPharmX Corporation","0.105","$13.39M","2015","Health Care","Major Pharmaceuticals","http://www.nasdaq.com/symbol/bpmx",
"BTX","BioTime, Inc.","2.3","$291.79M","n/a","Health Care","Biotechnology: Biological Products (No Diagnostic Substances)","http://www.nasdaq.com/symbol/btx",
"BTX.WS","BioTime, Inc.","n/a","n/a","n/a","n/a","n/a","http://www.nasdaq.com/symbol/btx.ws",
"BGI","Birks Group Inc.","1.48","$26.58M","n/a","Consumer Services","Consumer Specialties","http://www.nasdaq.com/symbol/bgi",
"BZM","BlackRock Maryland Municipal Bond Trust","13.35","$27.76M","2002","n/a","n/a","http://www.nasdaq.com/symbol/bzm",
"MHE","BlackRock Massachusetts Tax-Exempt Trust","13.9799","$33.09M","1993","n/a","n/a","http://www.nasdaq.com/symbol/mhe",
"BLE","BlackRock Municipal Income Trust II","14.32","$336.52M","2002","n/a","n/a","http://www.nasdaq.com/symbol/ble",
"BLJ","Blackrock New Jersey Municipal Bond Trust","14.54","$33.85M","2002","n/a","n/a","http://www.nasdaq.com/symbol/blj",
"BFY","BlackRock New York Municipal Income Trust II","14.78","$73.97M","2002","n/a","n/a","http://www.nasdaq.com/symbol/bfy",
"BHV","BlackRock Virginia Municipal Bond Trust","17","$27.21M","2002","n/a","n/a","http://www.nasdaq.com/symbol/bhv",
"BDR","Blonder Tongue Laboratories, Inc.","0.67","$5.44M","n/a","Technology","Radio And Television Broadcasting And Communications Equipment","http://www.nasdaq.com/symbol/bdr",
"BRG","Bluerock Residential Growth REIT, Inc.","10.05","$243.29M","2014","Consumer Services","Real Estate Investment Trusts","http://www.nasdaq.com/symbol/brg",
"BRG^A","Bluerock Residential Growth REIT, Inc.","26.23","n/a","n/a","n/a","n/a","http://www.nasdaq.com/symbol/brg^a",
"BRG^C","Bluerock Residential Growth REIT, Inc.","25.5923","n/a","n/a","n/a","n/a","http://www.nasdaq.com/symbol/brg^c",
"BRG^D","Bluerock Residential Growth REIT, Inc.","25.15","n/a","n/a","n/a","n/a","http://www.nasdaq.com/symbol/brg^d",
"BVX","Bovie Medical Corporation","2.74","$90.04M","n/a","Health Care","Medical/Dental Instruments","http://www.nasdaq.com/symbol/bvx",
"BWL.A","Bowl America, Inc.","n/a","n/a","n/a","n/a","n/a","http://www.nasdaq.com/symbol/bwl.a",
"CMCL","Caledonia Mining Corporation Plc","6.91","$73.14M","n/a","Basic Industries","Precious Metals","http://www.nasdaq.com/symbol/cmcl",
"CEI","Camber Energy, Inc.","0.1257","$8.65M","n/a","Energy","Oil & Gas Production","http://www.nasdaq.com/symbol/cei",
"CANF","Can-Fite Biopharma Ltd","1.59","$26M","n/a","Health Care","Major Pharmaceuticals","http://www.nasdaq.com/symbol/canf",
"ROX","Castle Brands, Inc.","1.3","$213.6M","2006","Consumer Non-Durables","Beverages (Production/Distribution)","http://www.nasdaq.com/symbol/rox",
"CAW","CCA Industries, Inc.","3.15","$22.07M","n/a","Consumer Non-Durables","Package Goods/Cosmetics","http://www.nasdaq.com/symbol/caw",
"CVM","Cel-Sci Corporation","1.89","$19.06M","n/a","Health Care","Biotechnology: Biological Products (No Diagnostic Substances)","http://www.nasdaq.com/symbol/cvm",
"CVM.WS","Cel-Sci Corporation","n/a","n/a","n/a","n/a","n/a","http://www.nasdaq.com/symbol/cvm.ws",
"CEF","Central Fund of Canada Limited","13.05","$3.29B","n/a","n/a","n/a","http://www.nasdaq.com/symbol/cef",
"CET","Central Securities Corporation","27.51","$682.55M","n/a","n/a","n/a","http://www.nasdaq.com/symbol/cet",
"LEU","Centrus Energy Corp.","4.05","$36.61M","2014","Basic Industries","Mining & Quarrying of Nonmetallic Minerals (No Fuels)","http://www.nasdaq.com/symbol/leu",
"CCF","Chase Corporation","122.25","$1.14B","n/a","Consumer Durables","Building Products","http://www.nasdaq.com/symbol/ccf",
"CQH","Cheniere Energy Partners LP Holdings, LLC","27.52","$6.38B","2013","Public Utilities","Oil/Gas Transmission","http://www.nasdaq.com/symbol/cqh",
"CQP","Cheniere Energy Partners, LP","28.24","$13.67B","2007","Public Utilities","Oil/Gas Transmission","http://www.nasdaq.com/symbol/cqp",
"LNG","Cheniere Energy, Inc.","53","$12.6B","n/a","Public Utilities","Oil/Gas Transmission","http://www.nasdaq.com/symbol/lng",
"CVR","Chicago Rivet & Machine Co.","31.3","$30.24M","n/a","Technology","Industrial Machinery/Components","http://www.nasdaq.com/symbol/cvr",
"CPHI","China Pharma Holdings, Inc.","0.187","$8.15M","n/a","Health Care","Major Pharmaceuticals","http://www.nasdaq.com/symbol/cphi",
"CISN.WS","Cision Ltd.","n/a","n/a","n/a","n/a","n/a","http://www.nasdaq.com/symbol/cisn.ws",
"CKX","CKX Lands, Inc.","9.85","$19.13M","n/a","Energy","Oil & Gas Production","http://www.nasdaq.com/symbol/ckx",
"GLV","Clough Global Dividend and Income Fund","13.42","$94.03M","2004","n/a","n/a","http://www.nasdaq.com/symbol/glv",
"GLQ","Clough Global Equity Fund","13.39","$147.63M","2005","n/a","n/a","http://www.nasdaq.com/symbol/glq",
"GLO","Clough Global Opportunities Fund","10.945","$352.7M","2006","n/a","n/a","http://www.nasdaq.com/symbol/glo",
"COHN","Cohen & Company Inc.","7.72","$9.72M","n/a","Finance","Investment Bankers/Brokers/Service","http://www.nasdaq.com/symbol/cohn",
"MOC","Command Security Corporation","2.96","$29.15M","n/a","Consumer Services","Diversified Commercial Services","http://www.nasdaq.com/symbol/moc",
"CIX","CompX International Inc.","13.45","$167.13M","1998","Capital Goods","Industrial Machinery/Components","http://www.nasdaq.com/symbol/cix",
"LODE","Comstock Mining, Inc.","0.2992","$13.55M","n/a","Basic Industries","Precious Metals","http://www.nasdaq.com/symbol/lode",
"CDOR","Condor Hospitality Trust, Inc.","10.07","$117.61M","n/a","Consumer Services","Real Estate Investment Trusts","http://www.nasdaq.com/symbol/cdor",
"CTO","Consolidated-Tomoka Land Co.","63.5","$354.44M","n/a","Finance","Real Estate","http://www.nasdaq.com/symbol/cto",
"MCF","Contango Oil & Gas Company","4.68","$119.39M","n/a","Energy","Oil & Gas Production","http://www.nasdaq.com/symbol/mcf",
"CUO","Continental Materials Corporation","18.9623","$31.9M","n/a","Capital Goods","Building Materials","http://www.nasdaq.com/symbol/cuo",
"CMT","Core Molding Technologies Inc","22.25","$174.72M","n/a","Consumer Non-Durables","Plastic Products","http://www.nasdaq.com/symbol/cmt",
"CVRS","Corindus Vascular Robotics, Inc.","0.9997","$188.65M","2015","Health Care","Medical/Dental Instruments","http://www.nasdaq.com/symbol/cvrs",
"CRMD","CorMedix Inc","0.58","$38.87M","n/a","Health Care","Major Pharmaceuticals","http://www.nasdaq.com/symbol/crmd",
"CRF","Cornerstone Strategic Return Fund, Inc. (The)","15.09","$332.86M","n/a","n/a","n/a","http://www.nasdaq.com/symbol/crf",
"CLM","Cornerstone Strategic Value Fund, Inc.","15.345","$668.73M","1987","n/a","n/a","http://www.nasdaq.com/symbol/clm",
"CVU","CPI Aerostructures, Inc.","9","$79.75M","n/a","Capital Goods","Military/Government/Technical","http://www.nasdaq.com/symbol/cvu",
"CIK","Credit Suisse Asset Management Income Fund, Inc.","3.29","$172.04M","n/a","n/a","n/a","http://www.nasdaq.com/symbol/cik",
"DHY","Credit Suisse High Yield Bond Fund","2.83","$283.13M","1998","n/a","n/a","http://www.nasdaq.com/symbol/dhy",
"CRHM","CRH Medical Corporation","2.5","$185.32M","2015","Health Care","Medical/Dental Instruments","http://www.nasdaq.com/symbol/crhm",
"CRVP","Crystal Rock Holdings, Inc.","0.8","$17.09M","n/a","Consumer Non-Durables","Food Distributors","http://www.nasdaq.com/symbol/crvp",
"CTEK","CynergisTek, Inc.","3.77","$35.82M","2017","Miscellaneous","Business Services","http://www.nasdaq.com/symbol/ctek",
"DXR","Daxor Corporation","4.8241","$18.29M","n/a","Health Care","Medical/Dental Instruments","http://www.nasdaq.com/symbol/dxr",
"VCF","Delaware Investments Colorado Municipal Income Fund, Inc","15.524","$75.09M","1993","n/a","n/a","http://www.nasdaq.com/symbol/vcf",
"VFL","Delaware Investments Florida Insured Municipal Income Fund","13.03","$59.01M","1993","n/a","n/a","http://www.nasdaq.com/symbol/vfl",
"VMM","Delaware Investments Minnesota Municipal Income Fund II, Inc.","13.38","$153.94M","1993","n/a","n/a","http://www.nasdaq.com/symbol/vmm",
"DLA","Delta Apparel, Inc.","20.5","$149.13M","n/a","Consumer Non-Durables","Apparel","http://www.nasdaq.com/symbol/dla",
"DNN","Denison Mine Corp","0.5475","$306.1M","n/a","Basic Industries","Precious Metals","http://www.nasdaq.com/symbol/dnn",
"DGSE","DGSE Companies, Inc.","0.96","$25.87M","n/a","Consumer Services","Consumer Specialties","http://www.nasdaq.com/symbol/dgse",
"DPW","Digital Power Corporation","4.11","$85.01M","n/a","Capital Goods","Industrial Machinery/Components","http://www.nasdaq.com/symbol/dpw",
"DSS","Document Security Systems, Inc.","1.8","$29.59M","n/a","Consumer Durables","Containers/Packaging","http://www.nasdaq.com/symbol/dss",
"DMF","Dreyfus Municipal Income, Inc.","8.85","$183.6M","1988","n/a","n/a","http://www.nasdaq.com/symbol/dmf",
"GRF","Eagle Capital Growth Fund, Inc.","7.92","$28.42M","n/a","n/a","n/a","http://www.nasdaq.com/symbol/grf",
"EVM","Eaton Vance California Municipal Bond Fund","11.56","$247.32M","2002","n/a","n/a","http://www.nasdaq.com/symbol/evm",
"EIA","Eaton Vance California Municipal Bond Fund II","11.79","$45.82M","2002","n/a","n/a","http://www.nasdaq.com/symbol/eia",
"CEV","Eaton Vance California Municipal Income Trust","12.13","$88M","1999","n/a","n/a","http://www.nasdaq.com/symbol/cev",
"EVV","Eaton Vance Limited Duration Income Fund","13.56","$1.57B","2003","n/a","n/a","http://www.nasdaq.com/symbol/evv",
"MAB","Eaton Vance Massachusetts Municipal Bond Fund","13.23","$23.4M","2002","n/a","n/a","http://www.nasdaq.com/symbol/mab",
"MMV","Eaton Vance Massachusetts Municipal Income Trust","13.02","$35.64M","1999","n/a","n/a","http://www.nasdaq.com/symbol/mmv",
"MIW","Eaton Vance Michigan Municipal Bond Fund","13.33","$20M","2002","n/a","n/a","http://www.nasdaq.com/symbol/miw",
"EMI","Eaton Vance Michigan Municipal Income Trust","12.805","$25.78M","1999","n/a","n/a","http://www.nasdaq.com/symbol/emi",
"EIM","Eaton Vance Municipal Bond Fund","12.45","$848.69M","2002","n/a","n/a","http://www.nasdaq.com/symbol/eim",
"EIV","Eaton Vance Municipal Bond Fund II","12.27","$122.86M","2002","n/a","n/a","http://www.nasdaq.com/symbol/eiv",
"EMJ","Eaton Vance New Jersey Municipal Bond Fund","12.39","$31.96M","2002","n/a","n/a","http://www.nasdaq.com/symbol/emj",
"EVJ","Eaton Vance New Jersey Municipal Income Trust","11.66","$53.61M","1999","n/a","n/a","http://www.nasdaq.com/symbol/evj",
"ENX","Eaton Vance New York Municipal Bond Fund","12.26","$192.01M","2002","n/a","n/a","http://www.nasdaq.com/symbol/enx",
"NYH","Eaton Vance New York Municipal Bond Fund II","11.43","$29.22M","2002","n/a","n/a","http://www.nasdaq.com/symbol/nyh",
"EVY","Eaton Vance New York Municipal Income Trust","12.56","$68.78M","1999","n/a","n/a","http://www.nasdaq.com/symbol/evy",
"EIO","Eaton Vance Ohio Municipal Bond Fund","13","$32.99M","2002","n/a","n/a","http://www.nasdaq.com/symbol/eio",
"EVO","Eaton Vance Ohio Municipal Income Trust","13.04","$37.26M","1999","n/a","n/a","http://www.nasdaq.com/symbol/evo",
"EIP","Eaton Vance Pennsylvania Municipal Bond Fund","12.4","$36.7M","2002","n/a","n/a","http://www.nasdaq.com/symbol/eip",
"EVP","Eaton Vance Pennsylvania Municipal Income Trust","12.2196","$31.78M","1999","n/a","n/a","http://www.nasdaq.com/symbol/evp",
"ELMD","Electromed, Inc.","6.36","$52.53M","2011","Health Care","Biotechnology: Electromedical & Electrotherapeutic Apparatus","http://www.nasdaq.com/symbol/elmd",
"ELLO","Ellomay Capital Ltd.","9.5","$101.44M","n/a","Public Utilities","Electric Utilities: Central","http://www.nasdaq.com/symbol/ello",
"ECF","Ellsworth Growth and Income Fund Ltd.","9.4","$121.04M","1986","n/a","n/a","http://www.nasdaq.com/symbol/ecf",
"ECF^A","Ellsworth Growth and Income Fund Ltd.","25.1516","n/a","n/a","n/a","n/a","http://www.nasdaq.com/symbol/ecf^a",
"EMAN","eMagin Corporation","1.7","$59.45M","n/a","Technology","Semiconductors","http://www.nasdaq.com/symbol/eman",
"MSN","Emerson Radio Corporation","1.5","$36.73M","n/a","Consumer Non-Durables","Consumer Electronics/Appliances","http://www.nasdaq.com/symbol/msn",
"EMX","EMX Royalty Corporation","0.82","$65.37M","n/a","Basic Industries","Precious Metals","http://www.nasdaq.com/symbol/emx",
"UUUU","Energy Fuels Inc","1.81","$130.37M","n/a","Basic Industries","Mining & Quarrying of Nonmetallic Minerals (No Fuels)","http://www.nasdaq.com/symbol/uuuu",
"UUUU.WS","Energy Fuels Inc","n/a","n/a","n/a","n/a","n/a","http://www.nasdaq.com/symbol/uuuu.ws",
"ENRJ","EnerJex Resources, Inc.","0.2327","$3.56M","n/a","Energy","Oil & Gas Production","http://www.nasdaq.com/symbol/enrj",
"ENSV","ENSERVCO Corporation","0.6489","$33.21M","n/a","Energy","Oilfield Services/Equipment","http://www.nasdaq.com/symbol/ensv",
"ESNC","EnSync, Inc.","0.43","$24.01M","n/a","Public Utilities","Electric Utilities: Central","http://www.nasdaq.com/symbol/esnc",
"EGI","Entree Resources Ltd.","0.565","$98.07M","2017","Basic Industries","Precious Metals","http://www.nasdaq.com/symbol/egi",
"EVI","EnviroStarm, Inc.","35.95","$388.47M","n/a","Consumer Services","Other Consumer Services","http://www.nasdaq.com/symbol/evi",
"ERN","Erin Energy Corp.","2.45","$526.64M","n/a","Energy","Oil & Gas Production","http://www.nasdaq.com/symbol/ern",
"ESP","Espey Mfg. & Electronics Corp.","23.1608","$54.85M","n/a","Capital Goods","Industrial Machinery/Components","http://www.nasdaq.com/symbol/esp",
"EVBN","Evans Bancorp, Inc.","42.05","$200.97M","n/a","Finance","Major Banks","http://www.nasdaq.com/symbol/evbn",
"EPM","Evolution Petroleum Corporation, Inc.","7","$231.45M","n/a","Energy","Oil & Gas Production","http://www.nasdaq.com/symbol/epm",
"FEN","First Trust Energy Income and Growth Fund","24.44","$474.07M","2004","n/a","n/a","http://www.nasdaq.com/symbol/fen",
"BDL","Flanigan&#39;s Enterprises, Inc.","23.2","$43.12M","n/a","Consumer Services","Restaurants","http://www.nasdaq.com/symbol/bdl",
"FSI","Flexible Solutions International Inc.","1.77","$20.4M","n/a","Basic Industries","Major Chemicals","http://www.nasdaq.com/symbol/fsi",
"FTF","Franklin Limited Duration Income Trust","11.72","$264.92M","2003","n/a","n/a","http://www.nasdaq.com/symbol/ftf",
"FSP","Franklin Street Properties Corp.","10.47","$1.12B","n/a","Consumer Services","Real Estate Investment Trusts","http://www.nasdaq.com/symbol/fsp",
"FRD","Friedman Industries Inc.","5.58","$39.11M","n/a","Capital Goods","Steel/Iron Ore","http://www.nasdaq.com/symbol/frd",
"FTNW","FTE Networks, Inc.","11.05","$61.85M","n/a","Public Utilities","Telecommunications Equipment","http://www.nasdaq.com/symbol/ftnw",
"GGN","GAMCO Global Gold, Natural Reources & Income Trust ","5.23","$707.69M","2005","n/a","n/a","http://www.nasdaq.com/symbol/ggn",
"GGN^B","GAMCO Global Gold, Natural Reources & Income Trust ","24.82","n/a","n/a","n/a","n/a","http://www.nasdaq.com/symbol/ggn^b",
"GST","Gastar Exploration Inc.","0.9856","$215.79M","n/a","Energy","Oil & Gas Production","http://www.nasdaq.com/symbol/gst",
"GST^A","Gastar Exploration Inc.","17.9","n/a","n/a","n/a","n/a","http://www.nasdaq.com/symbol/gst^a",
"GST^B","Gastar Exploration Inc.","18.8","n/a","n/a","n/a","n/a","http://www.nasdaq.com/symbol/gst^b",
"JOB","GEE Group Inc.","2.55","$25.19M","n/a","Technology","Diversified Commercial Services","http://www.nasdaq.com/symbol/job",
"GMO","General Moly, Inc","0.327","$36.35M","n/a","Basic Industries","Precious Metals","http://www.nasdaq.com/symbol/gmo",
"GSB","GlobalSCAPE, Inc.","3.51","$75.72M","n/a","Technology","Computer Software: Prepackaged Software","http://www.nasdaq.com/symbol/gsb",
"GSAT","Globalstar, Inc.","1.31","$1.65B","2006","Consumer Services","Telecommunications Equipment","http://www.nasdaq.com/symbol/gsat",
"GLOW","Glowpoint, Inc.","0.3586","$12.96M","n/a","Public Utilities","Telecommunications Equipment","http://www.nasdaq.com/symbol/glow",
"GORO","Gold Resource Corporation","4.2","$238.94M","n/a","Basic Industries","Precious Metals","http://www.nasdaq.com/symbol/goro",
"GSV","Gold Standard Ventures Corporation","1.73","$404.02M","n/a","Basic Industries","Mining & Quarrying of Nonmetallic Minerals (No Fuels)","http://www.nasdaq.com/symbol/gsv",
"AUMN","Golden Minerals Company","0.42","$38.64M","n/a","Basic Industries","Precious Metals","http://www.nasdaq.com/symbol/aumn",
"GSS","Golden Star Resources, Ltd","0.854","$325.02M","n/a","Basic Industries","Precious Metals","http://www.nasdaq.com/symbol/gss",
"GV","Goldfield Corporation (The)","4.95","$125.98M","n/a","Basic Industries","Water Supply","http://www.nasdaq.com/symbol/gv",
"GDP","Goodrich Petroleum Corporation","10.55","$111.18M","2017","Energy","Oil & Gas Production","http://www.nasdaq.com/symbol/gdp",
"GTE","Gran Tierra Energy Inc.","2.74","$1.06B","n/a","Energy","Oil & Gas Production","http://www.nasdaq.com/symbol/gte",
"GPL","Great Panther Silver Limited","1.31","$220.55M","n/a","Basic Industries","Precious Metals","http://www.nasdaq.com/symbol/gpl",
"SIM","Grupo Simec, S.A. de C.V.","9.38","$1.56B","1993","Basic Industries","Steel/Iron Ore","http://www.nasdaq.com/symbol/sim",
"GVP","GSE Systems, Inc.","3.3","$64.02M","n/a","Technology","Computer Software: Prepackaged Software","http://www.nasdaq.com/symbol/gvp",
"GLF","GulfMark Offshore, Inc.","28.25","$801.51M","2017","Energy","Metal Fabrications","http://www.nasdaq.com/symbol/glf",
"GLF.WS","GulfMark Offshore, Inc.","n/a","n/a","n/a","n/a","n/a","http://www.nasdaq.com/symbol/glf.ws",
"HEB","Hemispherx BioPharma, Inc.","0.3692","$11.77M","n/a","Health Care","Biotechnology: Biological Products (No Diagnostic Substances)","http://www.nasdaq.com/symbol/heb",
"HCAC","Hennessy Capital Acquisition Corp. III","9.8","$314.4M","2017","Finance","Business Services","http://www.nasdaq.com/symbol/hcac",
"HCAC.U","Hennessy Capital Acquisition Corp. III","n/a","n/a","2017","n/a","n/a","http://www.nasdaq.com/symbol/hcac.u",
"HCAC.WS","Hennessy Capital Acquisition Corp. III","n/a","n/a","n/a","n/a","n/a","http://www.nasdaq.com/symbol/hcac.ws",
"HLM^","Hillman Group Capital Trust","34.19","n/a","n/a","n/a","n/a","http://www.nasdaq.com/symbol/hlm^",
"HMG","HMG/Courtland Properties, Inc.","14.142","$14.18M","n/a","Consumer Services","Real Estate Investment Trusts","http://www.nasdaq.com/symbol/hmg",
"HUSA","Houston American Energy Corporation","0.3175","$18.32M","n/a","Energy","Oil & Gas Production","http://www.nasdaq.com/symbol/husa",
"IBIO","iBio, Inc.","0.175","$20.18M","n/a","Health Care","Major Pharmaceuticals","http://www.nasdaq.com/symbol/ibio",
"IBO","IBO (Listing Market - NYSE Amex Network B F)","23.7","n/a","n/a","n/a","n/a","http://www.nasdaq.com/symbol/ibo",
"IEC","IEC Electronics Corp.","4.2","$43.37M","n/a","Technology","Electrical Products","http://www.nasdaq.com/symbol/iec",
"IMUC","ImmunoCellular Therapeutics, Ltd.","0.28","$9.85M","n/a","Health Care","Major Pharmaceuticals","http://www.nasdaq.com/symbol/imuc",
"IMUC.WS","ImmunoCellular Therapeutics, Ltd.","n/a","n/a","n/a","n/a","n/a","http://www.nasdaq.com/symbol/imuc.ws",
"IMH","Impac Mortgage Holdings, Inc.","9.99","$209.29M","1997","Consumer Services","Real Estate Investment Trusts","http://www.nasdaq.com/symbol/imh",
"IMO","Imperial Oil Limited","30.19","$25.18B","n/a","Energy","Integrated oil Companies","http://www.nasdaq.com/symbol/imo",
"IOR","Income Opportunity Realty Investors, Inc.","11.104","$46.28M","n/a","Consumer Services","Real Estate Investment Trusts","http://www.nasdaq.com/symbol/ior",
"IGC","India Globalization Capital Inc.","0.6609","$18.56M","n/a","Consumer Non-Durables","Electronic Components","http://www.nasdaq.com/symbol/igc",
"INFU","InfuSystems Holdings, Inc.","2.45","$55.81M","n/a","Health Care","Medical/Dental Instruments","http://www.nasdaq.com/symbol/infu",
"IHT","InnSuites Hospitality Trust","1.72","$16.77M","n/a","Consumer Services","Real Estate Investment Trusts","http://www.nasdaq.com/symbol/iht",
"NSPR","InspireMD, Inc.","0.1295","$966832.63","n/a","Health Care","Medical/Dental Instruments","http://www.nasdaq.com/symbol/nspr",
"NSPR.WS","InspireMD, Inc.","n/a","n/a","n/a","n/a","n/a","http://www.nasdaq.com/symbol/nspr.ws",
"NSPR.WS.B","InspireMD, Inc.","n/a","n/a","n/a","n/a","n/a","http://www.nasdaq.com/symbol/nspr.ws.b",
"IDN","Intellicheck, Inc.","2.46","$36.87M","1999","Technology","Computer Software: Prepackaged Software","http://www.nasdaq.com/symbol/idn",
"INS","Intelligent Systems Corporation","4.6","$40.38M","1992","Technology","Computer Software: Prepackaged Software","http://www.nasdaq.com/symbol/ins",
"THM","International Tower Hill Mines Ltd","0.423","$68.69M","n/a","Basic Industries","Precious Metals","http://www.nasdaq.com/symbol/thm",
"INTT","inTest Corporation","8.8","$91.63M","1997","Capital Goods","Electrical Products","http://www.nasdaq.com/symbol/intt",
"INUV","Inuvo, Inc","0.82","$23.35M","n/a","Consumer Services","Advertising","http://www.nasdaq.com/symbol/inuv",
"VKI","Invesco Advantage Municipal Income Trust II","11.27","$500.29M","n/a","n/a","n/a","http://www.nasdaq.com/symbol/vki",
"ISR","IsoRay, Inc.","0.4481","$24.65M","n/a","Health Care","Medical/Dental Instruments","http://www.nasdaq.com/symbol/isr",
"ISDR","Issuer Direct Corporation","17","$50.68M","n/a","Miscellaneous","Publishing","http://www.nasdaq.com/symbol/isdr",
"JRJR","JRjr33, Inc.","0.18","$8.07M","2014","Consumer Services","Other Consumer Services","http://www.nasdaq.com/symbol/jrjr",
"KIQ","Kelso Technologies Inc","0.5302","$24.87M","n/a","Capital Goods","Railroads","http://www.nasdaq.com/symbol/kiq",
"KLDX","Klondex Mines Ltd.","2.52","$452.61M","n/a","Basic Industries","Precious Metals","http://www.nasdaq.com/symbol/kldx",
"LTS","Ladenburg Thalmann Financial Services Inc","3.26","$646.76M","n/a","Finance","Investment Bankers/Brokers/Service","http://www.nasdaq.com/symbol/lts",
"LTS^A","Ladenburg Thalmann Financial Services Inc","25.306","n/a","n/a","n/a","n/a","http://www.nasdaq.com/symbol/lts^a",
"LTSL","Ladenburg Thalmann Financial Services Inc","24.47","n/a","2017","Finance","Investment Bankers/Brokers/Service","http://www.nasdaq.com/symbol/ltsl",
"LAQ","Latin America Equity Fund, Inc. (The)","26.54","$197.68M","1991","n/a","n/a","http://www.nasdaq.com/symbol/laq",
"LEVB","Level Brands, Inc.","4.13","$30.94M","2017","Consumer Non-Durables","Package Goods/Cosmetics","http://www.nasdaq.com/symbol/levb",
"LGL","LGL Group, Inc. (The)","5.7","$15.25M","n/a","Capital Goods","Industrial Machinery/Components","http://www.nasdaq.com/symbol/lgl",
"LBY","Libbey, Inc.","6.67","$146.85M","1993","Capital Goods","Industrial Machinery/Components","http://www.nasdaq.com/symbol/lby",
"LLEX","Lilis Energy, Inc.","4.9","$261.17M","n/a","Energy","Oil & Gas Production","http://www.nasdaq.com/symbol/llex",
"LIQT","LiqTech International, Inc.","0.45","$19.9M","n/a","Technology","Industrial Machinery/Components","http://www.nasdaq.com/symbol/liqt",
"MAG","MAG Silver Corporation","12.33","$1.05B","n/a","Basic Industries","Precious Metals","http://www.nasdaq.com/symbol/mag",
"MJCO","Majesco","5.32","$194.38M","2015","Technology","Computer Software: Prepackaged Software","http://www.nasdaq.com/symbol/mjco",
"MHH","Mastech Digital, Inc","9.6499","$52.64M","n/a","Consumer Services","Professional Services","http://www.nasdaq.com/symbol/mhh",
"MTNB","Matinas Biopharma Holdings, Inc.","1.34","$124.55M","2017","Health Care","Major Pharmaceuticals","http://www.nasdaq.com/symbol/mtnb",
"MNI","McClatchy Company (The)","9.4","$72.24M","1988","Consumer Services","Newspapers/Magazines","http://www.nasdaq.com/symbol/mni",
"IPB","Merrill Lynch & Co., Inc. 6.0518% Index Plus Trust Certificate","28","n/a","n/a","Finance","Finance: Consumer Services","http://www.nasdaq.com/symbol/ipb",
"MXC","Mexco Energy Corporation","4.27","$8.7M","n/a","Energy","Oil & Gas Production","http://www.nasdaq.com/symbol/mxc",
"CCA","MFS California Insured Municipal Trust","11.44","$31.87M","1999","n/a","n/a","http://www.nasdaq.com/symbol/cca",
"MICR","Micron Solutions, Inc.","3.57","$10.11M","n/a","Health Care","Biotechnology: Electromedical & Electrotherapeutic Apparatus","http://www.nasdaq.com/symbol/micr",
"MLSS","Milestone Scientific, Inc.","1.05","$34.64M","2015","Health Care","Industrial Specialties","http://www.nasdaq.com/symbol/mlss",
"MVF","MuniVest Fund, Inc.","9.67","$623.69M","n/a","n/a","n/a","http://www.nasdaq.com/symbol/mvf",
"MZA","MuniYield Arizona Fund, Inc.","15.73","$72.75M","1993","n/a","n/a","http://www.nasdaq.com/symbol/mza",
"MYO","Myomo Inc.","3.96","$24.96M","2017","Health Care","Industrial Specialties","http://www.nasdaq.com/symbol/myo",
"NNVC","NanoViricides, Inc.","0.9499","$60.16M","n/a","Health Care","Biotechnology: Commercial Physical & Biological Resarch","http://www.nasdaq.com/symbol/nnvc",
"ATEST","NASDAQ TEST STOCK","9.99","n/a","n/a","n/a","n/a","http://www.nasdaq.com/symbol/atest",
"ATEST.A","NASDAQ TEST STOCK","n/a","n/a","n/a","n/a","n/a","http://www.nasdaq.com/symbol/atest.a",
"ATEST.B","NASDAQ TEST STOCK","n/a","n/a","n/a","n/a","n/a","http://www.nasdaq.com/symbol/atest.b",
"ATEST.C","NASDAQ TEST STOCK","n/a","n/a","n/a","n/a","n/a","http://www.nasdaq.com/symbol/atest.c",
"NHC","National HealthCare Corporation","62.03","$942.66M","n/a","Health Care","Hospital/Nursing Management","http://www.nasdaq.com/symbol/nhc",
"NAVB","Navidea Biopharmaceuticals, Inc.","0.3902","$63.31M","n/a","Health Care","Biotechnology: In Vitro & In Vivo Diagnostic Substances","http://www.nasdaq.com/symbol/navb",
"NTIP","Network-1 Technologies, Inc.","2.45","$59.12M","n/a","Miscellaneous","Multi-Sector Companies","http://www.nasdaq.com/symbol/ntip",
"NBW","Neuberger Berman California Intermediate Municipal Fund Inc.","13.61","$75.55M","2002","n/a","n/a","http://www.nasdaq.com/symbol/nbw",
"NHS","Neuberger Berman High Yield Strategies Fund","11.755","$229.7M","n/a","n/a","n/a","http://www.nasdaq.com/symbol/nhs",
"NBH","Neuberger Berman Intermediate Municipal Fund Inc.","14.75","$277.28M","2002","n/a","n/a","http://www.nasdaq.com/symbol/nbh",
"NML","Neuberger Berman MLP Income Fund Inc.","9.22","$522.4M","2013","n/a","n/a","http://www.nasdaq.com/symbol/nml",
"NBO","Neuberger Berman New York Intermediate Municipal Fund Inc.","12.22","$62.05M","2002","n/a","n/a","http://www.nasdaq.com/symbol/nbo",
"NRO","Neuberger Berman Real Estate Securities Income Fund, Inc.","5.47","$259.39M","2003","n/a","n/a","http://www.nasdaq.com/symbol/nro",
"UWN","Nevada Gold & Casinos, Inc.","2.55","$42.93M","n/a","Consumer Services","Services-Misc. Amusement & Recreation","http://www.nasdaq.com/symbol/uwn",
"NSU","Nevsun Resources Ltd","2.28","$689.04M","n/a","Basic Industries","Precious Metals","http://www.nasdaq.com/symbol/nsu",
"GBR","New Concept Energy, Inc","1.64","$3.34M","n/a","Energy","Oil & Gas Production","http://www.nasdaq.com/symbol/gbr",
"NEN","New England Realty Associates Limited Partnership","72.25","$269.61M","n/a","Consumer Services","Building operators","http://www.nasdaq.com/symbol/nen",
"NGD","New Gold Inc.","3.28","$1.9B","n/a","Basic Industries","Precious Metals","http://www.nasdaq.com/symbol/ngd",
"NXE","Nexgen Energy Ltd.","2.52","$854.72M","n/a","Basic Industries","Precious Metals","http://www.nasdaq.com/symbol/nxe",
"HLTH","Nobilis Health Corp.","1.4","$108.93M","2015","Health Care","Hospital/Nursing Management","http://www.nasdaq.com/symbol/hlth",
"NAK","Northern Dynasty Minerals, Ltd.","1.84","$566.46M","n/a","Basic Industries","Precious Metals","http://www.nasdaq.com/symbol/nak",
"NOG","Northern Oil and Gas, Inc.","1.68","$112.26M","n/a","Energy","Oil & Gas Production","http://www.nasdaq.com/symbol/nog",
"NBY","NovaBay Pharmaceuticals, Inc.","3.3","$50.77M","2007","Health Care","Major Pharmaceuticals","http://www.nasdaq.com/symbol/nby",
"NG","Novagold Resources Inc.","3.97","$1.28B","n/a","Basic Industries","Precious Metals","http://www.nasdaq.com/symbol/ng",
"NTN","NTN Buzztime, Inc.","4.0733","$10.27M","n/a","Consumer Services","Broadcasting","http://www.nasdaq.com/symbol/ntn",
"NES","Nuverra Environmental Solutions, Inc.","19.75","$230.99M","2017","Energy","Oilfield Services/Equipment","http://www.nasdaq.com/symbol/nes",
"OCX","OncoCyte Corporation","5.15","$161.85M","2015","Health Care","Biotechnology: In Vitro & In Vivo Diagnostic Substances","http://www.nasdaq.com/symbol/ocx",
"OGEN","Oragenics, Inc.","0.2499","$12.31M","n/a","Health Care","Major Pharmaceuticals","http://www.nasdaq.com/symbol/ogen",
"TIS","Orchids Paper Products Company","12.56","$130.99M","2005","Basic Industries","Paper","http://www.nasdaq.com/symbol/tis",
"ONP","Orient Paper, Inc.","1.33","$28.53M","n/a","Consumer Durables","Containers/Packaging","http://www.nasdaq.com/symbol/onp",
"ORM","Owens Realty Mortgage, Inc.","16","$160.67M","2013","Consumer Services","Real Estate Investment Trusts","http://www.nasdaq.com/symbol/orm",
"PCG^A","Pacific Gas & Electric Co.","29.488","n/a","n/a","n/a","n/a","http://www.nasdaq.com/symbol/pcg^a",
"PCG^B","Pacific Gas & Electric Co.","25.03","n/a","n/a","n/a","n/a","http://www.nasdaq.com/symbol/pcg^b",
"PCG^C","Pacific Gas & Electric Co.","24.25","n/a","n/a","n/a","n/a","http://www.nasdaq.com/symbol/pcg^c",
"PCG^D","Pacific Gas & Electric Co.","24.8404","n/a","n/a","n/a","n/a","http://www.nasdaq.com/symbol/pcg^d",
"PCG^E","Pacific Gas & Electric Co.","24.6","n/a","n/a","n/a","n/a","http://www.nasdaq.com/symbol/pcg^e",
"PCG^G","Pacific Gas & Electric Co.","23.6","n/a","n/a","n/a","n/a","http://www.nasdaq.com/symbol/pcg^g",
"PCG^H","Pacific Gas & Electric Co.","23.05","n/a","n/a","n/a","n/a","http://www.nasdaq.com/symbol/pcg^h",
"PCG^I","Pacific Gas & Electric Co.","23","n/a","n/a","n/a","n/a","http://www.nasdaq.com/symbol/pcg^i",
"PTN","Palatin Technologies, Inc.","0.84","$159.86M","n/a","Health Care","Major Pharmaceuticals","http://www.nasdaq.com/symbol/ptn",
"PARR","Par Pacific Holdings, Inc.","19.64","$899.32M","n/a","Energy","Oil & Gas Production","http://www.nasdaq.com/symbol/parr",
"PZG","Paramount Gold Nevada Corp.","1.25","$28.84M","2015","Basic Industries","Precious Metals","http://www.nasdaq.com/symbol/pzg",
"TEUM","Pareteum Corporation","1.27","$54.51M","n/a","Technology","EDP Services","http://www.nasdaq.com/symbol/teum",
"PRK","Park National Corporation","105.97","$1.62B","n/a","Finance","Major Banks","http://www.nasdaq.com/symbol/prk",
"BTU^","Peabody Energy Corporation","67.38","n/a","n/a","n/a","n/a","http://www.nasdaq.com/symbol/btu^",
"PED","Pedevco Corp.","0.3293","$2M","n/a","Energy","Oil & Gas Production","http://www.nasdaq.com/symbol/ped",
"PFNX","Pfenex Inc.","2.88","$67.82M","2014","Health Care","Major Pharmaceuticals","http://www.nasdaq.com/symbol/pfnx",
"HNW","Pioneer Diversified High Income Trust","15.65","$130.41M","2007","n/a","n/a","http://www.nasdaq.com/symbol/hnw",
"PLG","Platinum Group Metals Ltd.","0.2925","$43.43M","n/a","Basic Industries","Precious Metals","http://www.nasdaq.com/symbol/plg",
"PLYM","Plymouth Industrial REIT, Inc.","18.49","$70.5M","2017","Consumer Services","Real Estate Investment Trusts","http://www.nasdaq.com/symbol/plym",
"PLYM^A","Plymouth Industrial REIT, Inc.","25.06","n/a","n/a","n/a","n/a","http://www.nasdaq.com/symbol/plym^a",
"PLM","Polymet Mining Corp.","0.6921","$220.99M","n/a","Basic Industries","Precious Metals","http://www.nasdaq.com/symbol/plm",
"PW","Power REIT","6.1783","$11.29M","n/a","Consumer Services","Real Estate Investment Trusts","http://www.nasdaq.com/symbol/pw",
"PW^A","Power REIT","25.6001","n/a","n/a","n/a","n/a","http://www.nasdaq.com/symbol/pw^a",
"PLX","Protalix BioTherapeutics, Inc.","0.637","$89.01M","n/a","Health Care","Biotechnology: Biological Products (No Diagnostic Substances)","http://www.nasdaq.com/symbol/plx",
"RLGT","Radiant Logistics, Inc.","4.65","$228.32M","n/a","Transportation","Oil Refining/Marketing","http://www.nasdaq.com/symbol/rlgt",
"RLGT^A","Radiant Logistics, Inc.","26","n/a","n/a","n/a","n/a","http://www.nasdaq.com/symbol/rlgt^a",
"UTG","Reaves Utility Income Fund","30.91","$1.5B","2004","n/a","n/a","http://www.nasdaq.com/symbol/utg",
"REED","Reeds, Inc.","1.55","$24.67M","n/a","Consumer Non-Durables","Beverages (Production/Distribution)","http://www.nasdaq.com/symbol/reed",
"RHE","Regional Health Properties, Inc.","0.21","$4.17M","2017","Consumer Services","Real Estate Investment Trusts","http://www.nasdaq.com/symbol/rhe",
"RHE^A","Regional Health Properties, Inc.","7.75","n/a","n/a","n/a","n/a","http://www.nasdaq.com/symbol/rhe^a",
"RWC","RELM Wireless Corporation","3.6","$49.84M","n/a","Technology","Radio And Television Broadcasting And Communications Equipment","http://www.nasdaq.com/symbol/rwc",
"RCG","RENN Fund, Inc.","1.5401","$6.87M","n/a","n/a","n/a","http://www.nasdaq.com/symbol/rcg",
"RVP","Retractable Technologies, Inc.","0.68","$22.21M","n/a","Health Care","Medical/Dental Instruments","http://www.nasdaq.com/symbol/rvp",
"RNN","Rexahn Pharmaceuticals, Inc.","2.17","$68.84M","n/a","Health Care","Major Pharmaceuticals","http://www.nasdaq.com/symbol/rnn",
"REI","Ring Energy, Inc.","14.64","$792.9M","n/a","Energy","Oil & Gas Production","http://www.nasdaq.com/symbol/rei",
"RIF","RMR Real Estate Income Fund","18.8","$191.8M","n/a","n/a","n/a","http://www.nasdaq.com/symbol/rif",
"SACH","Sachem Capital Corp.","3.93","$60.58M","2017","Consumer Services","Real Estate Investment Trusts","http://www.nasdaq.com/symbol/sach",
"SGA","Saga Communications, Inc.","40.6","$239.82M","n/a","Consumer Services","Broadcasting","http://www.nasdaq.com/symbol/sga",
"SNMP","Sanchez Midstream Partners LP","10.55","$155.91M","n/a","Energy","Oil & Gas Production","http://www.nasdaq.com/symbol/snmp",
"SAND          ","Sandstorm Gold Ltd","5.04","$920.74M","n/a","Basic Industries","Precious Metals","http://www.nasdaq.com/symbol/sand",
"SEB","Seaboard Corporation","4230.24","$4.95B","1996","Finance","Investment Bankers/Brokers/Service","http://www.nasdaq.com/symbol/seb",
"SENS","Senseonics Holdings, Inc.","2.69","$367.87M","n/a","Capital Goods","Industrial Machinery/Components","http://www.nasdaq.com/symbol/sens",
"SVT","Servotronics, Inc.","11","$27.62M","n/a","Capital Goods","Industrial Machinery/Components","http://www.nasdaq.com/symbol/svt",
"SMTS","Sierra Metals Inc.","2.34","$380.67M","n/a","Basic Industries","Precious Metals","http://www.nasdaq.com/symbol/smts",
"SIF","SIFCO Industries, Inc.","6.7","$37.49M","n/a","Capital Goods","Aerospace","http://www.nasdaq.com/symbol/sif",
"SVM","Silvercorp Metals Inc.","2.69","$452.44M","n/a","Basic Industries","Precious Metals","http://www.nasdaq.com/symbol/svm",
"SKY","Skyline Corporation","12.77","$107.16M","n/a","Basic Industries","Homebuilding","http://www.nasdaq.com/symbol/sky",
"XPL","Solitario Zinc Corp.","0.6088","$35.58M","n/a","Basic Industries","Precious Metals","http://www.nasdaq.com/symbol/xpl",
"SCE^B","Southern California Edison Company","22.485","n/a","n/a","n/a","n/a","http://www.nasdaq.com/symbol/sce^b",
"SCE^C","Southern California Edison Company","24.35","n/a","n/a","n/a","n/a","http://www.nasdaq.com/symbol/sce^c",
"SCE^D","Southern California Edison Company","23.45","n/a","n/a","n/a","n/a","http://www.nasdaq.com/symbol/sce^d",
"SCE^E","Southern California Edison Company","24.93","n/a","n/a","n/a","n/a","http://www.nasdaq.com/symbol/sce^e",
"SGB","Southwest Georgia Financial Corporation","21.26","$54.16M","n/a","Finance","Major Banks","http://www.nasdaq.com/symbol/sgb",
"LOV","Spark Networks, Inc.","12.75","n/a","2017","Consumer Services","Other Consumer Services","http://www.nasdaq.com/symbol/lov",
"SRCI","SRC Energy Inc.","8.49","$2.05B","n/a","Energy","Oil & Gas Production","http://www.nasdaq.com/symbol/srci",
"SGY.WS","Stone Energy Corporation","n/a","n/a","n/a","n/a","n/a","http://www.nasdaq.com/symbol/sgy.ws",
"STRP","Straight Path Communications Inc.","181.54","$2.32B","2013","Public Utilities","Telecommunications Equipment","http://www.nasdaq.com/symbol/strp",
"SSY","SunLink Health Systems, Inc.","1.59","$14.57M","n/a","Health Care","Hospital/Nursing Management","http://www.nasdaq.com/symbol/ssy",
"SDPI","Superior Drilling Products, Inc.","1.45","$35.25M","2014","Energy","Metal Fabrications","http://www.nasdaq.com/symbol/sdpi",
"SYN","Synthetic Biologics, Inc","0.5255","$67.56M","n/a","Health Care","Major Pharmaceuticals","http://www.nasdaq.com/symbol/syn",
"TKAT","Takung Art Co., Ltd.","2.7","$30.21M","n/a","Consumer Services","Other Specialty Stores","http://www.nasdaq.com/symbol/tkat",
"TRX","Tanzanian Royalty Exploration Corporation","0.2721","$33.26M","n/a","Basic Industries","Precious Metals","http://www.nasdaq.com/symbol/trx",
"TGB","Taseko Mines Limited","2.22","$503.35M","n/a","Basic Industries","Precious Metals","http://www.nasdaq.com/symbol/tgb",
"TIK","Tel-Instrument Electronics Corp.","3.0561","$9.95M","n/a","Capital Goods","Electrical Products","http://www.nasdaq.com/symbol/tik",
"TGC","Tengasco, Inc.","0.7331","$7.79M","n/a","Energy","Oil & Gas Production","http://www.nasdaq.com/symbol/tgc",
"GLU","The Gabelli Global Utility and Income Trust","21.03","$86.46M","2004","n/a","n/a","http://www.nasdaq.com/symbol/glu",
"GLU^A","The Gabelli Global Utility and Income Trust","50.39","n/a","n/a","n/a","n/a","http://www.nasdaq.com/symbol/glu^a",
"GGO","The Gabelli Go Anywhere Trust","18.04","$29.05M","2016","n/a","n/a","http://www.nasdaq.com/symbol/ggo",
"GGO^A","The Gabelli Go Anywhere Trust","43.5","n/a","n/a","n/a","n/a","http://www.nasdaq.com/symbol/ggo^a",
"TMP","Tompkins Financial Corporation","83.76","$1.27B","n/a","Finance","Major Banks","http://www.nasdaq.com/symbol/tmp",
"TAT","Transatlantic Petroleum Ltd","1.15","$57.87M","n/a","Energy","Oil & Gas Production","http://www.nasdaq.com/symbol/tat",
"TRXC","TransEnterix, Inc.","2.03","$404.46M","n/a","Health Care","Medical/Dental Instruments","http://www.nasdaq.com/symbol/trxc",
"TMQ","Trilogy Metals Inc.","1.08","$114.14M","n/a","Basic Industries","Precious Metals","http://www.nasdaq.com/symbol/tmq",
"TPHS","Trinity Place Holdings Inc.","6.83","$214.82M","n/a","Consumer Services","Building operators","http://www.nasdaq.com/symbol/tphs",
"TRT","Trio-Tech International","6.95","$24.55M","n/a","Technology","Industrial Machinery/Components","http://www.nasdaq.com/symbol/trt",
"HTM","U.S. Geothermal Inc.","3.55","$68.43M","n/a","Public Utilities","Electric Utilities: Central","http://www.nasdaq.com/symbol/htm",
"UFAB","Unique Fabricating, Inc.","7.8659","$76.75M","2015","Capital Goods","Auto Parts:O.E.M.","http://www.nasdaq.com/symbol/ufab",
"UAMY","United States Antimony Corporation","0.31","$20.92M","n/a","Capital Goods","Metal Fabrications","http://www.nasdaq.com/symbol/uamy",
"UUU","Universal Security Instruments, Inc.","1.6","$3.7M","n/a","Consumer Non-Durables","Electronic Components","http://www.nasdaq.com/symbol/uuu",
"UQM","UQM Technologies Inc.","1.37","$74.05M","n/a","Capital Goods","Industrial Machinery/Components","http://www.nasdaq.com/symbol/uqm",
"URG","Ur Energy Inc","0.673","$98.26M","n/a","Basic Industries","Precious Metals","http://www.nasdaq.com/symbol/urg",
"UEC","Uranium Energy Corp.","1.8","$281.07M","n/a","Basic Industries","Precious Metals","http://www.nasdaq.com/symbol/uec",
"VII","Vicon Industries, Inc.","0.395","$6.93M","n/a","Consumer Durables","Telecommunications Equipment","http://www.nasdaq.com/symbol/vii",
"VHC","VirnetX Holding Corp","3.7","$217.69M","n/a","Miscellaneous","Multi-Sector Companies","http://www.nasdaq.com/symbol/vhc",
"VGZ","Vista Gold Corporation","0.648","$64.42M","n/a","Basic Industries","Precious Metals","http://www.nasdaq.com/symbol/vgz",
"VNRX","VolitionRX Limited","2.79","$73.99M","2015","Health Care","Biotechnology: In Vitro & In Vivo Diagnostic Substances","http://www.nasdaq.com/symbol/vnrx",
"VISI","Volt Information Sciences, Inc.","3.8","$79.84M","n/a","Technology","Professional Services","http://www.nasdaq.com/symbol/visi",
"EAD","Wells Fargo Income Opportunities Fund","8.37","$590.25M","2003","n/a","n/a","http://www.nasdaq.com/symbol/ead",
"ERC","Wells Fargo Multi-Sector Income Fund","13.03","$455.26M","2003","n/a","n/a","http://www.nasdaq.com/symbol/erc",
"ERH","Wells Fargo Utilities and High Income Fund","13.091","$121.02M","2004","n/a","n/a","http://www.nasdaq.com/symbol/erh",
"WRN","Western Copper and Gold Corporation","0.98","$94.72M","2011","Basic Industries","Precious Metals","http://www.nasdaq.com/symbol/wrn",
"WYY","WidePoint Corporation","0.6954","$57.74M","n/a","Technology","EDP Services","http://www.nasdaq.com/symbol/wyy",
"WTT","Wireless Telecom Group,  Inc.","2.26","$51.51M","n/a","Capital Goods","Electrical Products","http://www.nasdaq.com/symbol/wtt",
"XTNT","Xtant Medical Holdings, Inc.","0.5722","$10.4M","n/a","Health Care","Biotechnology: Biological Products (No Diagnostic Substances)","http://www.nasdaq.com/symbol/xtnt",
"YUMA","Yuma Energy, Inc.","1.13","$25.61M","n/a","Energy","Oil & Gas Production","http://www.nasdaq.com/symbol/yuma",
"ZDGE","Zedge, Inc.","2.8","$27.91M","2016","Technology","Computer Software: Prepackaged Software","http://www.nasdaq.com/symbol/zdge",
"ZOM","Zomedica Pharmaceuticals Corp.","2.0492","$183.07M","2017","Health Care","Major Pharmaceuticals","http://www.nasdaq.com/symbol/zom",
